index,form_id,channel_id,message_id,log_message_id,owner_id
0,1467591159877472445,1467591116848234771,1467591159877472445,1467599088257335408,882355185849098250
1,1468946415571963904,1468946381803753566,1468946415571963904,0,705128589573488751
2,1470459347053187287,1470459292728561964,1470459347053187287,1470459859886674103,801920578050719746
3,1470460986338312337,1470459292728561964,1470460986338312337,0,801920578050719746
4,1473021630878842912,1473021612294013073,1473021630878842912,1473023107047493639,697213620530184282
5,1474235188925169686,1474235160126820512,1474235188925169686,1474235730661216393,663033827567992832
6,1476962752705855559,1476962604772757615,1476962752705855559,0,1233951822650150992
7,1476963152997519576,1476962604772757615,1476963152997519576,1476964264819425381,1233951822650150992
8,1477393701197054154,1477393627507462198,1477393701197054154,0,540356640180797441
9,1477607455486644337,1477607405310185552,1477607455486644337,1477607833267732563,1357773169846648862
10,1477734883689234664,1477734803703988387,1477734883689234664,0,619008448503349248
